{"pid_kp": 3.899999999999997, "pid_ki": 0.019499999999999986, "pid_kd": 0.19499999999999984, "target_angle": 0.0}